,Member State,M49 Code,ISO Code,Start date,End date,Other Names,Earlier or Later Name,Earlier (a) or Later (b),Geographic Term,Membership Document Symbol,Scope Note,French,Spanish,Arabic,Chinese,Russian
0,USSR,810,SUN,1945-10-24,1991-12-23,"Union of Soviet Socialist Republics, U.S.S.R., Soviet Union, Union des Républiques socialistes soviétiques",Russian Federation,Later,USSR,UN Founding Member,"By a communication dated 24 Dec. 1991, the President of the Russian Federation notified the Secretary-General that membership of the USSR in the UN was continued by the Russian Federation",,,,,
1,Byelorussian SSR,112,BLR,1945-10-24,1991-09-18,"Byelorussian Soviet Socialist Republic, Byelorussian S.S.R., République socialiste soviétique de Biélorussie",Belarus,Later,BELARUS,UN Founding Member,Name changed from 'Byelorussian SSR' to 'Belarus' effective 19 Sept. 1991,,,,,
2,Ukrainian SSR,804,UKR,1945-10-24,1991-08-23,"Ukrainian Soviet Socialist Republic, Ukrainian S.S.R., République socialiste soviétique d'Ukraine",Ukraine,Later,UKRAINE,UN Founding Member,"On 24 Aug. 1991, the 'Ukrainian Soviet Socialist Republic' changed its name to 'Ukraine'",,,,,
3,Algeria,012,DZA,1962-08-10,,"People's Democratic Republic of Algeria, Al-Jazair",,,ALGERIA,A/RES/1754 (XVII),,Algérie,Argelia,الجزائر,阿尔及利亚,Алжир
4,Ivory Coast,384,CIV,1960-09-20,1985-12-31,"Republic of Ivory Coast, Republic of the Ivory Coast",Côte d'Ivoire,Later,CÔTE D'IVOIRE,A/RES/1484 (XV),,,,,,
5,Côte d'Ivoire,384,CIV,1986-01-01,,"Territoire de la Côte d'Ivoire, République de la Côte d'Ivoire, Republic of Côte d'Ivoire",Ivory Coast,Earlier,CÔTE D'IVOIRE,,,Côte d'Ivoire,Côte d'Ivoire,كوت ديفوار,科特迪瓦,Кот-д'Ивуар
6,Libyan Arab Jamahiriya,434,LBY,1977-04-01,2011-09-15,"Jamahiriya arabe libyenne, Jamahiriya arabe libyenne populaire socialiste, Socialist People's Libyan Arab Jamahiriya, Great Socialist People's Libyan Arab Jamahiriya",Libyan Arab Republic,"Earlier, Later",LIBYA,,,,,,,
7,Oman,512,OMN,1971-10-07,,Sultanate of Oman,,,OMAN,A/RES/2754 (XXVI),,Oman,Omán,عمان,阿曼,Оман
8,Togo,768,TGO,1960-09-20,,Togolese Republic,,,TOGO,A/RES/1477 (XV),,Togo,Togo,توغو,多哥,Того
9,Trinidad and Tobago,780,TTO,1962-09-18,,Republic of Trinidad and Tobago,,,TRINIDAD AND TOBAGO,A/RES/1751 (XVII),,Trinité-et-Tobago,Trinidad y Tabago,ترينيداد وتوباغو,特立尼达和多巴哥,Тринидад и Тобаго
10,Turkey,792,TUR,1945-10-24,2022-05-25,"Republic of Turkey, Turquie",Türkiye,Later,TÜRKİYE,UN Founding Member,"The 'Republic of Turkey' changed its official name to 'Republic of Türkiye' on 26 May 2022, as per communication received from the Permanent Mission via Protocol",,,,,
11,United Arab Emirates,784,ARE,1971-12-09,,"Federation of Arab Emirates, UAE, Emirats arabes unis, Union des Emirats arabes, Fédération des Emirats arabes",,,UNITED ARAB EMIRATES,A/RES/2794 (XXVI),,Émirats arabes unis,Emiratos Árabes Unidos,الإمارات العربية المتحدة,阿拉伯联合酋长国,Объединенные Арабские Эмираты
12,Cameroon,120,CMR,"1960-09-20, 1984-02-04",1975-03-09,Republic of Cameroon,United Republic of Cameroon,Later,CAMEROON,A/RES/1476 (XV),,Cameroun,Camerún,الكاميرون,喀麦隆,Камерун
13,Uruguay,858,URY,1945-10-24,,"Eastern Republic of Uruguay, República Oriental del Uruguay",,,URUGUAY,UN Founding Member,,Uruguay,Uruguay,أوروغواي,乌拉圭,Уругвай
14,Venezuela,862,VEN,1945-10-24,2004-11-17,Republic of Venezuela,Venezuela (Bolivarian Republic of),Later,VENEZUELA (BOLIVARIAN REPUBLIC OF),UN Founding Member,Formal name changed from 'Venezuela' to 'Bolivarian Republic of Venezuela' in accordance with 1999 constitutional mandate,,,,,
15,Zambia,894,ZMB,1964-12-01,,Republic of Zambia,Northern Rhodesia,Earlier,ZAMBIA,A/5815,,Zambie,Zambia,زامبيا,赞比亚,Замбия
16,Benin,204,BEN,1975-12-02,,Republic of Benin,Dahomey,Earlier,BENIN,,,Bénin,Benin,بنين,贝宁,Бенин
17,Brazil,076,BRA,1945-10-24,,Federative Republic of Brazil,,,BRAZIL,UN Founding Member,,Brésil,Brasil,البرازيل,巴西,Бразилия
18,Burma,104,MMR,1948-04-19,1989-06-17,"Union of Burma, Socialist Republic of the Union of Burma, Birmanie",Myanmar,Later,MYANMAR,A/RES/188 (S-2),"On 18 June 1989, the Union of Burma informed the UN that it changed its name to the Union of Myanmar",,,,,
19,Czechoslovakia,200,CSK,1945-10-24,1992-12-31,"Czech and Slovak Federal Republic, Ceská a Slovenská Federativní Republika, CSFR, C.S.F.R., Ceskoslovensky stát, Ceskoslovenská republika, Ceskoslovenská socialistická republika, Czechoslovak Socialist Republic, Tchécoslovaquie",Czech Republic,Later,CZECHOSLOVAKIA,UN Founding Member,,,,,,
20,Czech Republic,203,CZE,1993-01-01,2016-05-16,"République tchèque, República Checa",Czechoslovakia,"Earlier, Later",CZECHIA,A/RES/47/221,,,,,,
21,Dominica,212,DMA,1978-12-18,,Commonwealth of Dominica,,,DOMINICA,A/RES/33/107,,Dominique,Dominica,دومينيكا,多米尼克,Доминика
22,Indonesia,360,IDN,1950-09-28,,Republic of Indonesia,,,INDONESIA,A/RES/491 (V),,Indonésie,Indonesia,إندونيسيا,印度尼西亚,Индонезия
23,Swaziland,748,SWZ,1968-09-24,2018-04-18,"Kingdom of Swaziland, Souaziland",Eswatini,Later,ESWATINI,A/RES/2376 (XXIII),,,,,,
24,Tonga,776,TON,1999-09-14,,Kingdom of Tonga,,,TONGA,A/RES/54/3,,Tonga,Tonga,تونغا,汤加,Тонга
25,Upper Volta,854,HVO,1960-09-20,1984-08-03,Haute-Volta,Burkina Faso,Later,BURKINA FASO,A/RES/1483 (XV),Name changed to 'Burkina Faso' on 4 Aug. 1984,,,,,
26,Argentina,032,ARG,1945-10-24,,Argentine Republic,,,ARGENTINA,UN Founding Member,,Argentine,Argentina,الأرجنتين,阿根廷,Аргентина
27,Bahrain,048,BHR,1971-09-21,,Kingdom of Bahrain,,,BAHRAIN,A/RES/2752 (XXVI),,Bahreïn,Bahrein,البحرين,巴林,Бахрейн
28,Bolivia,068,BOL,1945-10-24,2009-04-06,,Bolivia (Plurinational State of),Later,BOLIVIA (PLURINATIONAL STATE OF),UN Founding Member,Formal name changed from 'Bolivia' to 'Plurinational State of Bolivia' in accordance with 2009 constitutional decree on 7 Apr. 2009,,,,,
29,Cape Verde,132,CPV,1975-09-16,2013-10-23,"Cape Verde Islands, Ilhas do Cabo Verde, Cap-Vert, Iles du Cap-Vert, Republic of Cape Verde, República do Cabo Verde",Cabo Verde,Later,CABO VERDE,A/RES/3363 (XXX),Name changed to 'Cabo Verde' on 24 Oct. 2013,,,,,
30,China,156,CHN,1945-10-24,,"People's Republic of China, Zhongguo, Zhonghua Renmin Gongheguo, Republic of China",,,CHINA,UN Founding Member,,Chine,China,الصين,中国,Китай
31,Colombia,170,COL,1945-10-24,,Republic of Colombia,,,COLOMBIA,UN Founding Member,,Colombie,Colombia,كولومبيا,哥伦比亚,Колумбия
32,Cyprus,196,CYP,1960-09-20,,Republic of Cyprus,,,CYPRUS,A/RES/1489 (XV),,Chypre,Chipre,قبرص,塞浦路斯,Кипр
33,Democratic Kampuchea,116,KHM,1976-04-06,1990-02-02,Kampuchea,Cambodia,"Earlier, Later",CAMBODIA,,Name reverted to Cambodia as of 3 Feb. 1990,,,,,
34,El Salvador,222,SLV,1945-10-24,,Republic of El Salvador,,,EL SALVADOR,UN Founding Member,,El Salvador,El Salvador,السلفادور,萨尔瓦多,Сальвадор
35,Gabon,266,GAB,1960-09-20,,Gabonese Republic,,,GABON,A/RES/1487 (XV),,Gabon,Gabón,غابون,加蓬,Габон
36,German Democratic Republic,278,DDR,1973-09-18,1990-10-02,"Deutsche Demokratische Republik, Allemagne oriental, East Germany",Germany,Later,GERMAN DEMOCRATIC REPUBLIC,,On 3 Oct. 1990 the German Democratic Republic and the Federal Republic of Germany united to form one sovereign nation called the 'Federal Republic of Germany' (short form 'Germany'),,,,,
37,Germany,276,DEU,1990-10-03,,"Federal Republic of Germany, Allemagne, Deutschland","Germany, Federal Republic of",Earlier,GERMANY,,On 3 Oct. 1990 the German Democratic Republic and the Federal Republic of Germany united to form one sovereign nation called the 'Federal Republic of Germany',Allemagne,Alemania,ألمانيا,德国,Германия
38,"Germany, Federal Republic of",280,DEU,1973-09-18,1990-10-02,"Bundesrepublik Deutschland, Federal Republic of Germany, République fédérale d'Allemagne, West Germany",Germany,Later,"GERMANY, FEDERAL REPUBLIC OF",,On 3 Oct. 1990 the German Democratic Republic and the Federal Republic of Germany united to form one sovereign nation called the 'Federal Republic of Germany' (short form 'Germany'),,,,,
39,Greece,300,GRC,1945-10-24,,Hellenic Republic,,,GREECE,UN Founding Member,,Grèce,Grecia,اليونان,希腊,Греция
40,Guinea,324,GIN,1958-12-12,,Republic of Guinea,,,GUINEA,A/RES/1325 (XIII),,Guinée,Guinea,غينيا,几内亚,Гвинея
41,Guinea-Bissau,624,GNB,1974-09-17,,"Guinea Bissau, Republic of Guinea-Bissau",,,GUINEA-BISSAU,A/RES/3205 (XXIX),,Guinée-Bissau,Guinea-Bissau,غينيا - بيساو,几内亚比绍,Гвинея-Биса
42,India,356,IND,1945-10-24,,Republic of India,,,INDIA,UN Founding Member,,Inde,India,الهند,印度,Индия
43,Iraq,368,IRQ,1945-10-24,,Republic of Iraq,,,IRAQ,UN Founding Member,,Iraq,Iraq,العراق,伊拉克,Ирак
44,Lesotho,426,LSO,1966-10-17,,Kingdom of Lesotho,,,LESOTHO,A/RES/2137 (XXI),,Lesotho,Lesotho,ليسوتو,莱索托,Лесото
45,Liberia,430,LBR,1945-10-24,,"Republic of Liberia, Liberia. Interim Government of National Unity, Liberia. National Transitional Government",,,LIBERIA,UN Founding Member,,Libéria,Liberia,ليبريا,利比里亚,Либерия
46,Maldives,462,MDV,1969-04-14,,Republic of Maldives,Maldive Islands,Earlier,MALDIVES,A/RES/2009 (XX),"In a letter dated 14 April 1969, the Permanent Representative informed the Secretary-General that the country be known as 'Maldives' instead of 'Maldive Islands', and that the full title of the State be 'Republic of Maldives'",Maldives,Maldivas,ملديف,马尔代夫,Мальдивские Острова
47,Netherlands,528,NLD,1945-10-24,2023-03-02,,Netherlands (Kingdom of the),Later,NETHERLANDS (KINGDOM OF THE),UN Founding Member,"The Kingdom of the Netherlands changed its short name from the Netherlands on 3 Mar. 2023, as per communication received from the Permanent Mission via Protocol.",,,,,
48,San Marino,674,SMR,1992-03-02,,Republic of San Marino,,,SAN MARINO,A/RES/46/231,,Saint-Marin,San Marino,سان مارينو,圣马力诺,Сан-Марино
49,Sao Tome and Principe,678,STP,1975-09-16,,"Democratic Republic of Sao Tome and Principe, Sao Tomé e Príncipe",,,SAO TOME AND PRINCIPE,A/RES/3364 (XXX),,Sao Tomé-et-Principe,Santo Tomé y Príncipe,سان تومي وبرينسيبي,圣多美和普林西比,Сан-Томе и Принсипи
50,Seychelles,690,SYC,1976-09-21,,Republic of Seychelles,,,SEYCHELLES,A/RES/31/1,,Seychelles,Seychelles,سيشيل,塞舌尔,Сейшельские Острова
51,Sierra Leone,694,SLE,1961-09-27,,Republic of Sierra Leone,,,SIERRA LEONE,A/RES/1623 (XVI),,Sierra Leone,Sierra Leona,سيراليون,塞拉利昂,Сьерра-Леоне
52,Singapore,702,SGP,1965-09-21,,Republic of Singapore,,,SINGAPORE,A/RES/2010 (XX),,Singapour,Singapur,سنغافورة,新加坡,Сингапур
53,Sri Lanka,144,LKA,1972-08-29,,Democratic Socialist Republic of Sri Lanka,Ceylon,Earlier,SRI LANKA,,,Sri Lanka,Sri Lanka,سري لانكا,斯里兰卡,Шри-Ланка
54,Ceylon,144,LKA,1955-12-14,1972-08-28,Ceylan,Sri Lanka,Later,SRI LANKA,A/RES/995 (X),Name changed from 'Ceylon' to 'Sri Lanka' on 29 Aug. 1972,,,,,
55,Viet Nam,704,VNM,1977-09-20,,"Socialist Republic of Viet Nam, Công Hoa Xa Hôi Chu Nghia Viet Nam, Vietnam",Democratic Republic of Viet-Nam,Earlier,VIET NAM,A/RES/32/2,"The Democratic Republic of Viet-Nam and the Republic of South Viet-Nam united on 2 July 1976 to constitute a new State, the 'Socialist Republic of Viet Nam', short name 'Viet Nam'",Viet Nam,Viet Nam,فييت نام,越南,Вьетнам
56,Yemen,887,YEM,1990-05-22,,Republic of Yemen,Yemen Arab Republic,Earlier,YEMEN,,,Yémen,Yemen,اليمن,也门,Йемен
57,Yugoslavia,890,YUG,"1945-10-24, 1992-04-27","1992-04-26, 2003-02-03","Jugoslavija, Federativna Narodna Republika Jugoslavija, SFRJ, S.F.R.J., Socijalisticka Federativna Republika Jugoslavija, Socialist Federal Republic of Yugoslavia, Sotsialisticheskaia Federativnaia Respublika Iugoslaviia, Iugoslaviia, Savezna Republika Jygoslavija, SFRY, S.F.R.Y., Yougoslavie, Federal Republic of Yugoslavia, Federal People's Republic of Yugoslavia",Serbia and Montenegro,Later,YUGOSLAVIA,UN Founding Member,Used for both pre-1992 six-member Socialist Federal Republic of Yugoslavia and succeeding two-member Federal Republic of Yugoslavia (27 Apr. 1992-3 Feb. 2003); the latter changed its name to Serbia and Montenegro as of 4 Feb. 2003,,,,,
58,Zaïre,180,ZAR,1971-10-27,1997-05-16,"Zaire, République du Zaïre",Republic of the Congo (Leopoldville),"Earlier, Later",DEMOCRATIC REPUBLIC OF THE CONGO,,Name changed from 'Republic of the Congo (Leopoldville)' to 'Democratic Republic of the Congo' on 1 Aug. 1964; name changed to 'Zaire' on 27 Oct. 1971 and changed back to 'Democratic Republic of the Congo' on 17 May 1997,,,,,
59,Antigua and Barbuda,028,ATG,1981-11-11,,,Antigua,Earlier,ANTIGUA AND BARBUDA,A/RES/36/26,,Antigua-et-Barbuda,Antigua y Barbuda,أنتيغوا وبربودا,安提瓜和巴布达,Антигуа и Барбуда
60,Saint Christopher and Nevis,659,KNA,1983-09-23,1986-12-27,,Saint Kitts-Nevis-Anguilla,"Earlier, Later",SAINT KITTS AND NEVIS,A/RES/38/1,Known as 'Saint Christopher and Nevis' until 27 Dec. 1986,,,,,
61,Uganda,800,UGA,1962-10-25,,Republic of Uganda,,,UGANDA,A/RES/1758 (XVII),,Ouganda,Uganda,أوغندا,乌干达,Уганда
62,Republic of Moldova,498,MDA,1992-02-03,,"Moldova, République de Moldova, República de Moldova",Moldavian SSR,Earlier,REPUBLIC OF MOLDOVA,A/RES/46/223,"[""As per memo dated 16 Oct. 2006 from Chief of Protocol, the Govt. of Moldova decided to replace 'Republic of Moldova' in all alphabetical listings with the short form 'Moldova'"", 'As per memo dated 10 Sept. 2008 from Chief of Protocol, the Govt. of Moldova decided to replace ""Moldova"" with the short form \'Republic of Moldova\'']",République de Moldova,República de Moldova,جمهورية مولدوفا,摩尔多瓦共和国,Республика Молдова
63,Marshall Islands,584,MHL,1991-09-17,,Republic of the Marshall Islands,,,MARSHALL ISLANDS,A/RES/46/3,,Îles Marshall,Islas Marshall,جزر مارشال,马绍尔群岛,Маршалловы Острова
64,Estonia,233,EST,1991-09-17,,"Republic of Estonia, Estonie, Estoniia",Estonian SSR,Earlier,ESTONIA,A/RES/46/4,,Estonie,Estonia,إستونيا,爱沙尼亚,Эстония
65,Azerbaijan,031,AZE,1992-03-02,,"Republic of Azerbaijan, Azerbaijan Republic",,,AZERBAIJAN,A/RES/46/230,,Azerbaïdjan,Azerbaiyán,أذربيجان,阿塞拜疆,Азербайджан
66,Turkmenistan,795,TKM,1992-03-02,,,,,TURKMENISTAN,A/RES/46/229,,Turkménistan,Turkmenistán,تركمانستان,土库曼斯坦,Туркменистан
67,Croatia,191,HRV,1992-05-22,,"Republic of Croatia, Croatie, Croacia, Hrvatska",,,CROATIA,A/RES/46/238,,Croatie,Croacia,كرواتيا,克罗地亚,Хорватия
68,The former Yugoslav Republic of Macedonia,807,MKD,1993-04-08,2019-02-13,"Macedonia, the Former Yugoslav Republic of, Republic of Macedonia, Former Yugoslav Republic of Macedonia, the, L'ex-République yougoslave de Macédoine, La ex República Yugoslava de Macedonia, Byvshaia iugoslavskaia Respublika Makedoniia, FYROM, F.Y.R.O.M.",North Macedonia,Later,NORTH MACEDONIA,A/RES/47/225,"Further to the communication dated 14 Feb. 2019 from the Permanent Mission addressed to the Protocol and Liaison Service, the country name was changed to the 'Republic of North Macedonia' (short form: 'North Macedonia')",,,,,
69,Laos,418,LAO,1955-12-14,1975-12-22,,Lao People's Democratic Republic,Later,LAO PEOPLE'S DEMOCRATIC REPUBLIC,A/RES/995 (X),Formerly 'Laos' until 22 Dec. 1975,,,,,
70,Timor-Leste,626,TLS,2002-09-27,,"Democratic Republic of Timor-Leste, Timor Lorosa'e, Repoplika Democratika Timor Lorosa'e, Repúplica Democrática de Timor-Leste",East Timor,Earlier,TIMOR-LESTE,A/RES/57/3,,Timor-Leste,Timor-Leste,تيمور الشرقية,东帝汶,Тимор-Лешти
71,Serbia and Montenegro,688,SRB,2003-02-04,2006-06-02,,Yugoslavia,"Earlier, Later",SERBIA AND MONTENEGRO,,Federal Republic of Yugoslavia changed its name to Serbia and Montenegro on 4 Feb. 2003; Montenegro's parliament declared independence from Serbia on 3 June 2006; Serbia officially proclaimed its independence on 5 June 2006,,,,,
72,Dahomey,204,BEN,1960-09-20,1975-12-01,,Benin,Later,BENIN,A/RES/1481 (XV),Name changed to Benin on 2 Dec. 1975,,,,,
73,Iran,364,IRN,1945-10-24,1982-11-03,,Iran (Islamic Republic of),Later,IRAN (ISLAMIC REPUBLIC OF),UN Founding Member,"On 4 Nov. 1982, the Government of the Islamic Republic of Iran notified the Secretary-General that the designation 'Iran (Islamic Republic of)' should be used.",,,,,
74,Tanganyika,M08,I08,1961-12-09,1964-04-26,,United Republic of Tanganyika and Zanzibar,Later,TANGANYIKA,A/RES/1667 (XVI),"Following the ratification on 26 April 1964 of Articles of Union between Tanganyika and Zanzibar, 'Tanganyika' joined with 'Zanzibar' to form the 'United Republic of Tanganyika and Zanzibar', changing its name to the 'United Republic of Tanzania' on 1 Nov. 1964",,,,,
75,Siam,764,THA,1946-12-15,1949-05-10,Kingdom of Siam,Thailand,Later,THAILAND,A/RES/101 (I),"'Siam' changed name to 'Thailand' on 24 June 1939, name changed back to 'Siam' on 7 Sept. 1945 and name reverted to 'Thailand' on 11 May 1949",,,,,
76,Serbia,688,SRB,2006-06-03,,"Republic of Serbia, Republika Srbija",Serbia and Montenegro,Earlier,SERBIA,,"As from 3 June 2006: 'Serbia', formerly 'Serbia and Montenegro' until 2 June 2006",Serbie,Serbia,صربيا,塞尔维亚,Сербия
77,Republic of the Congo (Leopoldville),180,COD,1960-09-20,1964-07-31,"Republic of Congo (Leopoldville), Congo-Leopoldville",Democratic Republic of the Congo,Later,DEMOCRATIC REPUBLIC OF THE CONGO,A/RES/1480 (XV),Name changed from 'Republic of the Congo (Leopoldville)' to 'Democratic Republic of the Congo' on 1 Aug. 1964; name changed to 'Zaire' on 27 Oct. 1971 and reverted back to 'Democratic Republic of the Congo' on 17 May 1997,,,,,
78,People's Republic of the Congo,178,COG,1970-01-01,1971-11-14,,Republic of the Congo (Brazzaville),"Earlier, Later",CONGO,,"In a communication dated 15 Nov. 1971, the Permanent Mission of the People's Republic of the Congo informed the Secretary-General that their country would henceforth be known as the 'Congo'",,,,,
79,Republic of the Congo (Brazzaville),178,COG,1960-09-20,1969-12-31,Congo (Brazzaville),People's Republic of the Congo,Later,CONGO,A/RES/1486 (XV),,,,,,
80,Libyan Arab Republic,434,LBY,1969-09-01,1977-03-31,,Kingdom of Libya,"Earlier, Later",LIBYA,,,,,,,
81,Libya,434,LBY,2011-09-16,,"Kingdom of Libya, State of Libya",Libyan Arab Jamahiriya,Earlier,LIBYA,,"By a communication of 22 Dec. 2017, the Permanent Mission informed the UN of a change of the official name to State of Libya; short name: Libya.",Libye,Libia,ليبيا,利比亚,Ливия
82,Yemen Arab Republic,886,YEM,1947-09-30,1990-05-21,North Yemen,Yemen,Later,YEMEN,A/RES/108 (II),"Prior to 22 May 1990, the short form of the 'Yemen Arab Republic' was 'Yemen'.",,,,,
83,Khmer Republic,116,KHM,1970-12-29,1975-04-29,République khmère,Cambodia,"Earlier, Later",CAMBODIA,,,,,,,
84,Eswatini,748,SWZ,2018-04-19,,Kingdom of Eswatini,Swaziland,Earlier,ESWATINI,,,Eswatini,Eswatini,إسواتيني,斯威士兰,Эсватини
85,United Arab Republic,M09,UAR,1958-02-22,1971-09-01,"Al-Jumhuriyah al-Arabiyah al-Muttahidah, République arabe unie, UAR, RAU",Egypt,"Earlier, Later",UNITED ARAB REPUBLIC,,'Egypt' and 'Syria' united to form the 'United Arab Republic' from 22 Feb. 1958 to 27 Sept. 1961; Egypt retained the name 'United Arab Republic 'as its own official designation until 1 Sept. 1971.,,,,,
86,Democratic Yemen,720,YMD,1970-11-30,1990-05-21,"People's Democratic Republic of Yemen, Democratic Republic of Yemen, Yemen (People's Democratic Republic), Yemen (Aden), PDRY",Southern Yemen,"Earlier, Later",DEMOCRATIC YEMEN,,On 22 May 1990 Democratic Yemen merged with the Yemen Arab Republic to form the Republic of Yemen (Yemen).,,,,,
87,Zanzibar,M07,I07,1963-12-16,1964-04-26,,United Republic of Tanganyika and Zanzibar,Later,ZANZIBAR,A/RES/1975 (XVIII),"Following the ratification on 26 Apr. 1964 of Articles of Union between Tanganyika and Zanzibar, 'Tanganyika' joined with 'Zanzibar' to form the 'United Republic of Tanganyika and Zanzibar', changing its name to the 'United Republic of Tanzania' on 1 Nov. 1964",,,,,
88,United Republic of Tanganyika and Zanzibar,834,TZA,1964-04-27,1964-11-01,,Tanganyika,"Earlier, Later","['TANGANYIKA', 'ZANZIBAR']",,"The 'United Republic of Tanganyika and Zanzibar' changed its name to the 'United Republic of Tanzania' on 1 Nov. 1964; in a communication addressed to the Secretary-General on 2 Nov. 1964, the Permanent Mission of the United Republic of Tanganyika and Zanzibar informed him that ""the United Republic of Tanganika and Zanzibar shall, with immediate effect, be known as the United Republic of Tanzania""",,,,,
89,Federation of Malaya,458,MYS,1957-09-17,1963-09-15,Malaya,Malaysia,Later,FEDERATION OF MALAYA,A/RES/1134 (XII),"On 16 Sept. 1963, the 'Federation of Malaya' changed its name to 'Malaysia'",,,,,
90,Philippine Republic,608,PHL,1946-07-04,1946-12-31,,Philippines,Later,PHILIPPINES,,,,,,,
91,Syria,760,SYR,"1945-10-24, 1961-09-28","1958-02-21, 1971-09-12",Syrie,United Arab Republic,"Earlier, Later",SYRIAN ARAB REPUBLIC,,"[""'Egypt' and 'Syria' united to form the 'United Arab Republic' from 22 Feb. 1958 until 27 Sept. 1961."", ""'Syria' changed its name to 'Syrian Arab Republic' on 13 Sept. 1971.""]",,,,,
92,Union of South Africa,710,ZAF,1945-10-24,1961-05-31,,South Africa,Later,SOUTH AFRICA,UN Founding Member,,,,,,
93,Surinam,740,SUR,1975-12-04,1978-01-22,,Suriname,Later,SURINAME,A/RES/3413 (XXX),Name changed to Suriname on 23 Jan. 1978,,,,,
94,Kingdom of Libya,434,LBY,1955-12-14,1969-08-31,United Kingdom of Libya,Libyan Arab Republic,Later,LIBYA,A/RES/995 (X),The Libyan Arab Republic was proclaimed on 1 Sept. 1969,,,,,
95,Philippine Commonwealth,608,PHL,1945-10-24,1946-07-03,Commonwealth of the Philippines,Philippine Republic,Later,PHILIPPINES,UN Founding Member,,,,,,
96,United Republic of Cameroon,120,CMR,1975-03-10,1975-02-03,,Cameroon,"Earlier, Later",CAMEROON,,,,,,,
97,Central African Empire,140,CAF,1976-12-20,1979-09-19,,Central African Republic,"Earlier, Later",CENTRAL AFRICAN REPUBLIC,,The 'Central African Republic' was constituted into the 'Central African Empire' from 20 Dec. 1976 to 20 Sept. 1979,,,,,
98,Southern Yemen,720,YMD,1967-12-14,1970-11-29,"People's Republic of Southern Yemen, People's Republic of South Yemen, Southern Yemen People's Republic, South Yemen (People's Republic), Yémen du Sud",Democratic Yemen,Later,DEMOCRATIC YEMEN,,"The Federation of South Arabia and the Protectorate of South Arabia became the 'People's Republic of South Yemen' on 30 Nov. 1967. On 30 Nov. 1970, the People's Republic of Southern Yemen (Southern Yemen) changed its name to People's Democratic Republic of Yemen (Democratic Yemen).",,,,,
99,Unknown,,,,,,,,,,,,,,,
100,United States,840,USA,1945-10-24,,"USA, U.S.A., United States of America",,,UNITED STATES,UN Founding Member,,États-Unis d'Amérique,Estados Unidos de América,الولايات المتحدة الأمريكية,美利坚合众国,Соединенные Штаты Америки
101,United Kingdom,826,GBR,1945-10-24,,"UK, U.K., United Kingdom of Great Britain and Northern Ireland, Great Britain",,,UNITED KINGDOM,UN Founding Member,,Royaume-Uni de Grande-Bretagne et d'Irlande du Nord,Reino Unido de Gran Bretaña e Irlanda del Norte,المملكة المتحدة لبريطانيا العظمى وأيرلندا الشمالية,大不列颠及北爱尔兰联合王国,Соединенное Королевство Великобритании и Северной Ирландии
102,Ukraine,804,UKR,1991-08-24,,,Ukrainian SSR,Earlier,UKRAINE,,,Ukraine,Ucrania,أوكرانيا,乌克兰,Украина
103,Australia,036,AUS,1945-10-24,,Commonwealth of Australia,,,AUSTRALIA,UN Founding Member,,Australie,Australia,أستراليا,澳大利亚,Австралия
104,Comoros,174,COM,1975-12-11,,Union of the Comoros,,,COMOROS,A/RES/3385 (XXX),,Comores,Comoras,جزر القمر,科摩罗,Коморские Острова
105,Djibouti,262,DJI,1977-09-20,,Republic of Djibouti,French Territory of the Afars and Issas,Earlier,DJIBOUTI,A/RES/32/1,,Djibouti,Djibouti,جيبوتي,吉布提,Джибути
106,Dominican Republic,214,DOM,1945-10-24,,,,,DOMINICAN REPUBLIC,UN Founding Member,,République dominicaine,República Dominicana,الجمهورية الدومينيكية,多米尼加共和国,Доминиканская Республика
107,Kiribati,296,KIR,1999-09-14,,Republic of Kiribati,Gilbert Islands,Earlier,KIRIBATI,A/RES/54/1,,Kiribati,Kiribati,كيريباس,基里巴斯,Кирибати
108,Grenada,308,GRD,1974-09-17,,"Grenada, West Indies, Granada",,,GRENADA,A/RES/3204 (XXIX),,Grenade,Granada,غرينادا,格林纳达,Гренада
109,Iran (Islamic Republic of),364,IRN,1982-11-04,,Islamic Republic of Iran,Iran,Earlier,IRAN (ISLAMIC REPUBLIC OF),,,Iran (République islamique d'),Irán (República Islámica del),إيران (جمهورية - الإسلامية),伊朗伊斯兰共和国,Иран (Исламская Республика)
110,Japan,392,JPN,1956-12-18,,,,,JAPAN,A/RES/1113 (XI),,Japon,Japón,اليابان,日本,Япония
111,Kuwait,414,KWT,1963-05-14,,State of Kuwait,,,KUWAIT,A/RES/1872 (S-IV),,Koweït,Kuwait,الكويت,科威特,Кувейт
112,Luxembourg,442,LUX,1945-10-24,,Grand Duchy of Luxembourg,,,LUXEMBOURG,UN Founding Member,,Luxembourg,Luxemburgo,لكسمبرغ,卢森堡,Люксембург
113,Madagascar,450,MDG,1960-09-20,,"Republic of Madagascar, Malagasy Republic, Malagasy, Repoblika Demokratika Malagasy, Repoblikan'i Madagasikara",,,MADAGASCAR,A/RES/1478 (XV),,Madagascar,Madagascar,مدغشقر,马达加斯加,Мадагаскар
114,Mongolia,496,MNG,1961-10-27,,Mongolian People's Republic,,,MONGOLIA,A/RES/1630 (XVI),Official name before 12 Feb. 1992 was the Mongolian People's Republic,Mongolie,Mongolia,منغوليا,蒙古,Монголия
115,New Zealand,554,NZL,1945-10-24,,Aotearoa,,,NEW ZEALAND,UN Founding Member,,Nouvelle-Zélande,Nueva Zelandia,نيوزيلندا,新西兰,Новая Зеландия
116,Nigeria,566,NGA,1960-10-07,,Federal Republic of Nigeria,,,NIGERIA,A/RES/1492 (XV),,Nigéria,Nigeria,نيجيريا,尼日利亚,Нигерия
117,Palau,585,PLW,1994-12-15,,"Republic of Palau, Belau, Pelew",,,PALAU,A/RES/49/63,,Palaos,Palau,بالاو,帕劳,Палау
118,Panama,591,PAN,1945-10-24,,Republic of Panama,,,PANAMA,UN Founding Member,,Panama,Panamá,بنما,巴拿马,Панама
119,Portugal,620,PRT,1955-12-14,,Portuguese Republic,,,PORTUGAL,A/RES/995 (X),,Portugal,Portugal,البرتغال,葡萄牙,Португалия
120,Romania,642,ROU,1955-12-14,,,,,ROMANIA,A/RES/995 (X),,Roumanie,Rumanía,رومانيا,罗马尼亚,Румыния
121,Rwanda,646,RWA,1962-09-18,,"Republic of Rwanda, Rwandese Republic",,,RWANDA,A/RES/1748 (XVII),,Rwanda,Rwanda,رواندا,卢旺达,Руанда
122,Saint Lucia,662,LCA,1979-09-18,,St. Lucia,,,SAINT LUCIA,A/RES/34/1,,Sainte-Lucie,Santa Lucía,سانت لوسيا,圣卢西亚,Сент-Люсия
123,Saint Vincent and the Grenadines,670,VCT,1980-09-16,,,,,SAINT VINCENT AND THE GRENADINES,A/RES/35/1,,Saint-Vincent-et-les Grenadines,San Vicente y las Granadinas,سانت فنسنت وجزر غرينادين,圣文森特和格林纳丁斯,Сент-Винсент и Гренадины
124,Sudan,729,SDN,1956-11-12,,Republic of the Sudan,,,SUDAN,A/RES/1110 (XI),,Soudan,Sudán,السودان,苏丹,Судан
125,Belgium,056,BEL,1945-10-24,,Kingdom of Belgium,,,BELGIUM,UN Founding Member,,Belgique,Bélgica,بلجيكا,比利时,Бельгия
126,Myanmar,104,MMR,1989-06-18,,"Union of Myanmar, Republic of the Union of Myanmar",Burma,Earlier,MYANMAR,,"Formerly 'Burma' until 17 June 1989; Protocol memo dated 6 Apr. 2011 informed of the change of the official name from ""Union of Myanmar"" to ""Republic of the Union of Myanmar"" as of 30 March 2011; short name remains ""Myanmar""",Myanmar,Myanmar,ميانمار,缅甸,Мьянма
127,Slovakia,703,SVK,1993-01-19,,"Slovak Republic, Slovaquie, République slovaque, Eslovaquia, República Eslovaca, Slovenská republika",Czechoslovakia,Earlier,SLOVAKIA,A/RES/47/222,,Slovaquie,Eslovaquia,سلوفاكيا,斯洛伐克,Словакия
128,France,250,FRA,1945-10-24,,French Republic,,,FRANCE,UN Founding Member,,France,Francia,فرنسا,法国,Франция
129,Gambia,270,GMB,1965-09-21,,"The Gambia, Republic of The Gambia, Islamic Republic of the Gambia",,,GAMBIA,A/RES/2008 (XX),"From 24 Feb. 2016 - 15 Feb. 2017, formal name Islamic Republic of The Gambia. From 16 Feb. 2017, formal name Republic of The Gambia.",Gambie,Gambia,غامبيا,冈比亚,Гамбия
130,Mauritius,480,MUS,1968-04-24,,Republic of Mauritius,,,MAURITIUS,A/RES/2371 (XXII),,Maurice,Mauricio,موريشيوس,毛里求斯,Маврикий
131,United Republic of Tanzania,834,TZA,1964-02-11,,Tanzania,United Republic of Tanganyika and Zanzibar,Earlier,UNITED REPUBLIC OF TANZANIA,,,République-Unie de Tanzanie,República Unida de Tanzanía,جمهورية تنزانيا المتحدة,坦桑尼亚联合共和国,Объединенная Республика Танзания
132,Burkina Faso,854,BFA,1984-08-04,,"Burkina, Bourkina, Bourkina Fasso, République démocratique du Burkina Faso",Upper Volta,Earlier,BURKINA FASO,,,Burkina Faso,Burkina Faso,بوركينا فاسو,布基纳法索,Буркина-Фасо
133,Afghanistan,004,AFG,1946-09-11,,"Islamic Republic of Afghanistan, Transitional Islamic State of Afghanistan, Transitional Islamic Government of Afghanistan, Dawlat-i Intiqalii Islamii Afghanistan",,,AFGHANISTAN,A/RES/34 (I),"Per UNTERM, formal name (or long form) ""Islamic Republic of Afghanistan"" adopted Nov. 2004; preceding that, formal name had been ""Transitional Islamic State of Afghanistan""",Afghanistan,Afganistán,أفغانستان,阿富汗,Афганистан
134,Austria,040,AUT,1955-12-14,,Republic of Austria,,,AUSTRIA,A/RES/995 (X),,Autriche,Austria,النمسا,奥地利,Австрия
135,Barbados,052,BRB,1966-09-12,,,,,BARBADOS,A/RES/2175 (XXI),,Barbade,Barbados,بربادوس,巴巴多斯,Барбадос
136,Belize,084,BLZ,1981-09-25,,,British Honduras,Earlier,BELIZE,A/RES/36/3,,Belize,Belice,بليز,伯利兹,Белиз
137,Bhutan,064,BTN,1971-09-21,,Kingdom of Bhutan,,,BHUTAN,A/RES/2751 (XXVI),,Bhoutan,Bhután,بوتان,不丹,Бутан
138,Brunei Darussalam,096,BRN,1984-09-21,,Brunei,,,BRUNEI DARUSSALAM,A/RES/39/1,,Brunéi Darussalam,Brunei Darussalam,بروني دار السلام,文莱达鲁萨兰国,Бруней-Даруссалам
139,Bulgaria,100,BGR,1955-12-14,,"Republic of Bulgaria, People's Republic of Bulgaria",,,BULGARIA,A/RES/995 (X),Official name before 1992 was the People's Republic of Bulgaria,Bulgarie,Bulgaria,بلغاريا,保加利亚,Болгария
140,Burundi,108,BDI,1962-09-18,,Republic of Burundi,,,BURUNDI,A/RES/1749 (XVII),,Burundi,Burundi,بوروندي,布隆迪,Бурунди
141,Chile,152,CHL,1945-10-24,,Republic of Chile,,,CHILE,UN Founding Member,,Chili,Chile,شيلي,智利,Чили
142,Costa Rica,188,CRI,1945-10-24,,Republic of Costa Rica,,,COSTA RICA,UN Founding Member,,Costa Rica,Costa Rica,كوستاريكا,哥斯达黎加,Коста-Рика
143,Cambodia,116,KHM,"1955-12-14, 1975-04-30, 1990-02-03","1970-12-28, 1976-04-06",Kingdom of Cambodia,Khmer Republic,Later,CAMBODIA,A/RES/995(X),"Name reverted to Cambodia on 3 Feb. 1990, formerly, as follows: as from 6 Apr. 1976 to 3 Feb. 1990 'Democratic Kampuchea'; as from 30 Apr. 1975 to 6 Apr. 1976 'Cambodia'; as from 28 Dec. 1970 to 30 Apr. 1975 'Khmer Republic'",Cambodge,Camboya,كمبوديا,柬埔寨,Камбоджа
144,Democratic People's Republic of Korea,408,PRK,1991-09-17,,"North Korea, Korean People's Republic, DPRK",,,DEMOCRATIC PEOPLE'S REPUBLIC OF KOREA,A/RES/46/1,,République populaire démocratique de Corée,República Popular Democrática de Corea,جمهورية كوريا الشعبية الديمقراطية,朝鲜民主主义人民共和国,Корейская Народно-Демократическая Республика
145,Fiji,242,FJI,1970-10-13,,"Republic of Fiji, Republic of the Fiji Islands",,,FIJI,A/RES/2622 (XXV),,Fidji,Fiji,فيجي,斐济,Фиджи
146,Guatemala,320,GTM,1945-10-24,,Republic of Guatemala,,,GUATEMALA,UN Founding Member,,Guatemala,Guatemala,غواتيمالا,危地马拉,Гватемала
147,Haiti,332,HTI,1945-10-24,,Republic of Haiti,,,HAITI,UN Founding Member,,Haïti,Haití,هايتي,海地,Гаити
148,Iceland,352,ISL,1946-11-19,,,,,ICELAND,A/RES/34 (I),,Islande,Islandia,آيسلندا,冰岛,Исландия
149,Ireland,372,IRL,1955-12-14,,,,,IRELAND,A/RES/995 (X),,Irlande,Irlanda,أيرلندا,爱尔兰,Ирландия
150,Israel,376,ISR,1949-11-05,,State of Israel,,,ISRAEL,A/RES/273 (III),,Israël,Israel,إسرائيل,以色列,Израиль
151,Lao People's Democratic Republic,418,LAO,1975-12-23,,"People's Democratic Republic of Laos, République démocratique populaire Lao, Lao PDR",Laos,Earlier,LAO PEOPLE'S DEMOCRATIC REPUBLIC,,,République démocratique populaire lao,República Democrática Popular Lao,جمهورية لاو الديمقراطية الشعبية,老挝人民民主共和国,Лаосская Народно-Демократическая Республика
152,Malawi,454,MWI,1964-12-01,,Republic of Malawi,,,MALAWI,A/5815,,Malawi,Malawi,ملاوي,马拉维,Малави
153,Malaysia,458,MYS,1963-09-16,,"Federation of Malaysia, Government of Malaysia, Malaisie, Malasia",Federation of Malaya,Earlier,MALAYSIA,,,Malaisie,Malasia,ماليزيا,马来西亚,Малайзия
154,Mali,466,MLI,1960-09-28,,Republic of Mali,,,MALI,A/RES/1491 (XV),,Mali,Malí,مالي,马里,Мали
155,Malta,470,MLT,1964-01-12,,Republic of Malta,,,MALTA,A/5815,,Malte,Malta,مالطة,马耳他,Мальта
156,Mauritania,478,MRT,1961-10-27,,Islamic Republic of Mauritania,,,MAURITANIA,A/RES/1631 (XVI),,Mauritanie,Mauritania,موريتانيا,毛里塔尼亚,Мавритания
157,Mozambique,508,MOZ,1975-09-16,,Republic of Mozambique,,,MOZAMBIQUE,A/RES/3365 (XXX),,Mozambique,Mozambique,موزامبيق,莫桑比克,Мозамбик
158,Nicaragua,558,NIC,1945-10-24,,Republic of Nicaragua,,,NICARAGUA,UN Founding Member,,Nicaragua,Nicaragua,نيكاراغوا,尼加拉瓜,Никарагуа
159,Norway,578,NOR,1945-10-24,,Kingdom of Norway,,,NORWAY,UN Founding Member,,Norvège,Noruega,النرويج,挪威,Норвегия
160,Papua New Guinea,598,PNG,1975-10-10,,Independent State of Papua New Guinea,,,PAPUA NEW GUINEA,A/RES/3368 (XXX),"As of 4 Mar. 2013, official name changed to 'Independent State of Papua New Guinea'",Papouasie-Nouvelle-Guinée,Papua Nueva Guinea,بابوا غينيا الجديدة,巴布亚新几内亚,Папуа — Новая Гвинея
161,Paraguay,600,PRY,1945-10-24,,Republic of Paraguay,,,PARAGUAY,UN Founding Member,,Paraguay,Paraguay,باراغواي,巴拉圭,Парагвай
162,Philippines,608,PHL,1947-01-01,,Republic of the Philippines,Philippine Republic,Earlier,PHILIPPINES,,,Philippines,Filipinas,الفلبين,菲律宾,Филиппины
163,Poland,616,POL,1945-10-24,,Republic of Poland,,,POLAND,UN Founding Member,,Pologne,Polonia,بولندا,波兰,Польша
164,Republic of Korea,410,KOR,1991-09-17,,South Korea,,,REPUBLIC OF KOREA,A/RES/46/1,,République de Corée,República de Corea,جمهورية كوريا,大韩民国,Республика Корея
165,Samoa,882,WSM,1976-12-15,,"Independent State of Samoa, Western Samoa",,,SAMOA,A/RES/31/104,,Samoa,Samoa,ساموا,萨摩亚,Самоа
166,Saudi Arabia,682,SAU,1945-10-24,,Kingdom of Saudi Arabia,,,SAUDI ARABIA,UN Founding Member,,Arabie saoudite,Arabia Saudita,المملكة العربية السعودية,沙特阿拉伯,Саудовская Аравия
167,Somalia,706,SOM,1960-09-20,,"Federal Republic of Somalia, Somali Democratic Republic",,,SOMALIA,A/RES/1479 (XV),,Somalie,Somalia,الصومال,索马里,Сомали
168,South Africa,710,ZAF,1961-06-01,,"Republic of South Africa, Republiek van Suid-Afrika",Union of South Africa,Earlier,SOUTH AFRICA,,,Afrique du Sud,Sudáfrica,جنوب أفريقيا,南非,Южная Африка
169,Suriname,740,SUR,1978-01-23,,Republic of Suriname,Surinam,Earlier,SURINAME,,,Suriname,Suriname,سورينام,苏里南,Суринам
170,Sweden,752,SWE,1946-11-09,,Kingdom of Sweden,,,SWEDEN,A/RES/34 (I),,Suède,Suecia,السويد,瑞典,Швеция
171,Switzerland,756,CHE,2002-09-10,,"Swiss Confederation, Conféderation suisse, Helvetia, Schweizerische Eidgenossenschaft, Schweiz, Svizzera, Confederazione svizzera",,,SWITZERLAND,A/RES/57/1,,Suisse,Suiza,سويسرا,瑞士,Швейцария
172,Syrian Arab Republic,760,SYR,1971-09-13,,,Syria,Earlier,SYRIAN ARAB REPUBLIC,UN Founding Member,"In a communication dated 13 Sept. 1971, the Permanent Mission of the Syrian Arab Republic stated that the official name of 'Syria' was ""Syrian Arab Republic"".",République arabe syrienne,República Árabe Siria,الجمهورية العربية السورية,阿拉伯叙利亚共和国,Сирийская Арабская Республика
173,Micronesia (Federated States of),583,FSM,1991-09-17,,Federated States of Micronesia,,,MICRONESIA (FEDERATED STATES OF),A/RES/46/2,,Micronésie (États fédérés de),Micronesia (Estados Federados de),ميكرونيزيا (ولايات - الموحدة',密克罗尼西亚联邦,Микронезия (Федеративные Штаты)
174,Liechtenstein,438,LIE,1990-09-18,,Principality of Liechtenstein,,,LIECHTENSTEIN,A/RES/45/1,,Liechtenstein,Liechtenstein,ليختنشتاين,列支敦士登,Лихтенштейн
175,Saint Kitts and Nevis,659,KNA,1986-12-28,,St. Kitts-Nevis,Saint Christopher and Nevis,Earlier,SAINT KITTS AND NEVIS,,,Saint-Kitts-et-Nevis,Saint Kitts y Nevis,سانت كيتس ونيفس,圣基茨和尼维斯,Сент-Китс и Невис
176,Albania,008,ALB,1955-12-14,,Republic of Albania,,,ALBANIA,A/RES/995 (X),,Albanie,Albania,ألبانيا,阿尔巴尼亚,Албания
177,Russian Federation,643,RUS,1991-12-24,,"Russia, Russie, Rusia, Russia (Federation), Rossiiskaia Federatsiia, Rossiia",USSR,Earlier,RUSSIAN FEDERATION,,,Fédération de Russie,Federación de Rusia,الاتحاد الروسي,俄罗斯联邦,Российская Федерация
178,Vanuatu,548,VUT,1981-09-15,,Republic of Vanuatu,New Hebrides,Earlier,VANUATU,A/RES/36/1,,Vanuatu,Vanuatu,فانواتو,瓦努阿图,Вануату
179,Nauru,520,NRU,1999-09-14,,Republic of Nauru,,,NAURU,A/RES/54/2,,Nauru,Nauru,ناورو,瑙鲁,Науру
180,Georgia,268,GEO,1992-07-31,,,Georgian SSR,Earlier,GEORGIA,A/RES/46/241,,Géorgie,Georgia,جورجيا,格鲁吉亚,Грузия
181,Namibia,516,NAM,1990-04-23,,Republic of Namibia,South West Africa,Earlier,NAMIBIA,A/RES/S-18/1,,Namibie,Namibia,ناميبيا,纳米比亚,Намибия
182,Belarus,112,BLR,1991-09-19,,Republic of Belarus,Byelorussian SSR,Earlier,BELARUS,,,Bélarus,Belarús,بيلاروس,白俄罗斯,Беларусь
183,Latvia,428,LVA,1991-09-17,,"Republic of Latvia, Lettonie, Letonia, Latviia",Latvian SSR,Earlier,LATVIA,A/RES/46/5,,Lettonie,Letonia,لاتفيا,拉脱维亚,Латвия
184,Armenia,051,ARM,1992-03-02,,Republic of Armenia,,,ARMENIA,A/RES/46/227,,Arménie,Armenia,أرمينيا,亚美尼亚,Армения
185,Kazakhstan,398,KAZ,1992-03-02,,"Republic of Kazakstan, Republic of Kazakhstan, Kazakstan, Respublika Kazakhstan",,,KAZAKHSTAN,A/RES/46/224,"Spelling ""Kazakstan"" adopted by UN 8 May 1995 at country's request. Spelling reverted to ""Kazakhstan"" effective 20 June 1997",Kazakhstan,Kazajstán,كازاخستان,哈萨克斯坦,Казахстан
186,Kyrgyzstan,417,KGZ,1992-03-02,,"Kyrgyz Republic, Kyrgyzskaia Respublika",,,KYRGYZSTAN,A/RES/46/225,,Kirghizistan,Kirguistán,قيرغيزستان,吉尔吉斯斯坦,Кыргызстан
187,Tajikistan,762,TJK,1992-03-02,,Republic of Tajikistan,,,TAJIKISTAN,A/RES/46/228,,Tadjikistan,Tayikistán,طاجيكستان,塔吉克斯坦,Таджикистан
188,Canada,124,CAN,1945-10-24,,,,,CANADA,UN Founding Member,,Canada,Canadá,كندا,加拿大,Канада
189,Slovenia,705,SVN,1992-05-22,,"Republic of Slovenia, Republika Slovenija, Slovenija",,,SLOVENIA,A/RES/46/236,,Slovénie,Eslovenia,سلوفينيا,斯洛文尼亚,Словения
190,Andorra,020,AND,1993-07-28,,Principality of Andorra,,,ANDORRA,A/RES/47/232,,Andorre,Andorra,أندورا,安道尔,Андорра
191,Venezuela (Bolivarian Republic of),862,VEN,2004-11-18,,Bolivarian Republic of Venezuela,Venezuela,Earlier,VENEZUELA (BOLIVARIAN REPUBLIC OF),,"By letter of 17 Nov. 2004, the Permanent Mission specified that the short form be: 'Venezuela (Bolivarian Republic of)'",Venezuela (République bolivarienne du),Venezuela (República Bolivariana de),فنزويلا (جمهورية - البوليفارية),委内瑞拉玻利瓦尔共和国,Венесуэла (Боливарианская Республика)
192,Montenegro,499,MNE,2006-06-28,,,Serbia and Montenegro,Earlier,MONTENEGRO,A/RES/60/264,As from 3 June 2006: 'Montenegro'. Formerly: 'Serbia and Montenegro' until 2 June 2006.,Monténégro,Montenegro,الجبل الأسود,黑山,Черногория
193,South Sudan,728,SSD,2011-07-14,,Republic of South Sudan,,,SOUTH SUDAN,A/RES/65/308,"On 9 July 2011, the Republic of South Sudan was established upon its proclamation as an independent State.",Soudan du Sud,Sudán del Sur,جنوب السودان,南苏丹,Южный Судан
194,Cabo Verde,132,CPV,2013-10-24,,Republic of Cabo Verde,Cape Verde,Earlier,CABO VERDE,,,Cabo Verde,Cabo Verde,كابو فيردي,佛得角,Кабо-Верде
195,Czechia,203,CZE,2016-05-17,,,Czech Republic,Earlier,CZECHIA,,"Short name changed to 'Czechia' on 17 May 2016, formal name remains 'Czech Republic'",Tchéquie,Chequia,تشيكيا,捷克,Чехия
196,Uzbekistan,860,UZB,1992-03-02,,Republic of Uzbekistan,Uzbek SSR,Earlier,UZBEKISTAN,A/RES/46/226,,Ouzbékistan,Uzbekistán,أوزبكستان,乌兹别克斯坦,Узбекистан
197,Lithuania,440,LTU,1991-09-17,,"Republic of Lithuania, Lituanie, Letonia, Lithuanie, Lietuvos Respublika",Lithuanian SSR,Earlier,LITHUANIA,A/RES/46/6,,Lituanie,Lituania,ليتوانيا,立陶宛,Литва
198,Democratic Republic of the Congo,180,COD,"1964-08-01, 1997-05-17",1971-10-26,"Congo (Democratic Republic), Democratic Republic of Congo, Kongo, RDC, DRC, DRK",Zaïre,"Earlier, Later",DEMOCRATIC REPUBLIC OF THE CONGO,,,République démocratique du Congo,República Democrática del Congo,جمهورية الكونغو الديمقراطية,刚果民主共和国,Демократическая Республика Конго
199,Netherlands (Kingdom of the),528,NLD,2023-03-03,,Kingdom of the Netherlands,Netherlands,Earlier,NETHERLANDS (KINGDOM OF THE),,,Pays-Bas (Royaume des),Países Bajos (Reino de los),هولندا (مملكة -),荷兰王国,Нидерланды (Королевство)
200,Bangladesh,050,BGD,1974-09-17,,People's Republic of Bangladesh,,,BANGLADESH,A/RES/3203 (XXIX),,Bangladesh,Bangladesh,بنغلاديش,孟加拉国,Бангладеш
201,Chad,148,TCD,1960-09-20,,Republic of Chad,,,CHAD,A/RES/1485 (XV),,Tchad,Chad,تشاد,乍得,Чад
202,Egypt,818,EGY,"1945-10-24, 1971-09-02",1958-02-21,Arab Republic of Egypt,United Arab Republic,"Earlier, Later",EGYPT,UN Founding Member,'Egypt' and 'Syria' united to form the 'United Arab Republic' from 22 Feb. 1958 to 27 Sept. 1961; Egypt retained the name 'United Arab Republic 'as its own official designation until 1 Sept. 1971.,Égypte,Egipto,مصر,埃及,Египет
203,Ghana,288,GHA,1957-03-08,,Republic of Ghana,,,GHANA,A/RES/1118 (XI),,Ghana,Ghana,غانا,加纳,Гренада
204,Honduras,340,HND,1945-10-24,,Republic of Honduras,,,HONDURAS,UN Founding Member,,Honduras,Honduras,هندوراس,洪都拉斯,Гондурас
205,Hungary,348,HUN,1955-12-14,,,,,HUNGARY,A/RES/995 (X),,Hongrie,Hungría,هنغاريا,匈牙利,Венгрия
206,Jordan,400,JOR,1955-12-14,,Hashemite Kingdom of Jordan,Transjordan,Earlier,JORDAN,A/RES/995(X),,Jordanie,Jordania,الأردن,约旦,Иордания
207,Morocco,504,MAR,1956-12-11,,Kingdom of Morocco,,,MOROCCO,A/RES/1111 (XI),,Maroc,Marruecos,المغرب,摩洛哥,Марокко
208,Peru,604,PER,1945-10-24,,Republic of Peru,,,PERU,UN Founding Member,,Pérou,Perú,بيرو,秘鲁,Перу
209,Qatar,634,QAT,1971-09-21,,State of Qatar,,,QATAR,A/RES/2753 (XXVI),,Qatar,Qatar,قطر,卡塔尔,Катар
210,Thailand,764,THA,1949-05-11,,Kingdom of Thailand,Siam,Earlier,THAILAND,,,Thaïlande,Tailandia,تايلند,泰国,Таиланд
211,Equatorial Guinea,226,GNQ,1968-12-11,,"Republic of Equatorial Guinea, República de Guinea Ecuatorial",,,EQUATORIAL GUINEA,A/RES/2384 (XXIII),,Guinée équatoriale,Guinea Ecuatorial,غينيا الاستوائية,赤道几内亚,Экваториальная Гвинея
212,Congo,178,COG,1971-11-15,,"Republic of the Congo, Congo Republic, République du Congo, Republic of Congo",People's Republic of the Congo,Earlier,CONGO,,,Congo,Congo,الكونغو,刚果,Конго
213,Finland,246,FIN,1955-12-14,,Republic of Finland,,,FINLAND,A/RES/995 (X),,Finlande,Finlandia,فنلندا,芬兰,Финляндия
214,Kenya,404,KEN,1963-12-16,,Republic of Kenya,,,KENYA,A/RES/1976 (XVIII),,Kenya,Kenya,كينيا,肯尼亚,Кения
215,Niger,562,NER,1960-09-20,,Republic of the Niger,,,NIGER,A/RES/1482 (XV),,Niger,Níger,النيجر,尼日尔,Нигер
216,Solomon Islands,090,SLB,1978-09-19,,,,,SOLOMON ISLANDS,A/RES/33/1,,Îles Salomon,Islas Salomón,جزر سليمان,所罗门群岛,Соломоновы Острова
217,Tunisia,788,TUN,1956-12-11,,Republic of Tunisia,,,TUNISIA,A/RES/1112 (XI),,Tunisie,Túnez,تونس,突尼斯,Тунис
218,Angola,024,AGO,1976-12-01,,Republic of Angola,,,ANGOLA,A/RES/31/44,,Angola,Angola,أنغولا,安哥拉,Ангола
219,Bahamas,044,BHS,1973-09-18,,"Commonwealth of The Bahamas, The Bahamas",,,BAHAMAS,A/RES/3051 (XXVIII),,Bahamas,Bahamas,جزر البهاما,巴哈马,Багамские Острова
220,Botswana,072,BWA,1966-10-17,,Republic of Botswana,,,BOTSWANA,A/RES/2136 (XXI),,Botswana,Botswana,بوتسوانا,博茨瓦纳,Ботсвана
221,Central African Republic,140,CAF,"1960-09-20, 1979-09-20",1976-12-19,,Central African Empire,"Earlier, Later",CENTRAL AFRICAN REPUBLIC,A/RES/1488 (XV),,République centrafricaine,República Centroafricana,جمهورية أفريقيا الوسطى,中非共和国,Центральноафриканская Республика
222,Cuba,192,CUB,1945-10-24,,Republic of Cuba,,,CUBA,UN Founding Member,,Cuba,Cuba,كوبا,古巴,Куба
223,Denmark,208,DNK,1945-10-24,,Kingdom of Denmark,,,DENMARK,UN Founding Member,,Danemark,Dinamarca,الدانمرك,丹麦,Дания
224,Ecuador,218,ECU,1945-10-24,,Republic of Ecuador,,,ECUADOR,UN Founding Member,,Équateur,Ecuador,إكوادور,厄瓜多尔,Эквадор
225,Ethiopia,231,ETH,1945-10-24,,Federal Democratic Republic of Ethiopia,,,ETHIOPIA,UN Founding Member,,Éthiopie,Etiopía,إثيوبيا,埃塞俄比亚,Эфиопия
226,Guyana,328,GUY,1966-09-20,,"Republic of Guyana, Co-operative Republic of Guyana",,,GUYANA,A/RES/2133 (XXI),,Guyana,Guyana,غيانا,圭亚那,Гайана
227,Italy,380,ITA,1955-12-14,,Republic of Italy,,,ITALY,A/RES/995 (X),,Italie,Italia,إيطاليا,意大利,Италия
228,Jamaica,388,JAM,1962-09-18,,,,,JAMAICA,A/RES/1750 (XVII),,Jamaïque,Jamaica,جامايكا,牙买加,Ямайка
229,Lebanon,422,LBN,1945-10-24,,Lebanese Republic,,,LEBANON,UN Founding Member,,Liban,Líbano,لبنان,黎巴嫩,Ливан
230,Mexico,484,MEX,1945-10-24,,United Mexican States,,,MEXICO,UN Founding Member,,Mexique,México,المكسيك,墨西哥,Мексика
231,Nepal,524,NPL,1955-12-14,,"Federal Democratic Republic of Nepal, Kingdom of Nepal",,,NEPAL,A/RES/995 (X),,Népal,Nepal,نيبال,尼泊尔,Непал
232,Pakistan,586,PAK,1947-09-30,,Islamic Republic of Pakistan,,,PAKISTAN,A/RES/108 (II),,Pakistan,Pakistán,باكستان,巴基斯坦,Пакистан
233,Senegal,686,SEN,1960-09-28,,Republic of Senegal,,,SENEGAL,A/RES/1490 (XV),,Sénégal,Senegal,السنغال,塞内加尔,Сенегал
234,Spain,724,ESP,1955-12-14,,Kingdom of Spain,,,SPAIN,A/RES/995 (X),,Espagne,España,إسبانيا,西班牙,Испания
235,Zimbabwe,716,ZWE,1980-08-25,,Republic of Zimbabwe,Southern Rhodesia,Earlier,ZIMBABWE,A/RES/S-11/1,,Zimbabwe,Zimbabwe,زمبابوي,津巴布韦,Зимбабве
236,Tuvalu,798,TUV,2000-05-09,,,Ellice Islands,Earlier,TUVALU,A/RES/55/1,,Tuvalu,Tuvalu,توفالو,图瓦卢,Тувалу
237,Bosnia and Herzegovina,070,BIH,1992-05-22,,"Bosnia and Hercegovina, Bosnia i Hercegovina",,,BOSNIA AND HERZEGOVINA,A/RES/46/237,,Bosnie-Herzégovine,Bosnia y Herzegovina,البوسنة والهرسك,波斯尼亚和黑塞哥维那,Босния и Герцеговина
238,Monaco,492,MCO,1993-05-28,,"Principality of Monaco, Monako",,,MONACO,A/RES/47/231,,Monaco,Mónaco,موناكو,摩纳哥,Монако
239,Eritrea,232,ERI,1993-05-28,,State of Eritrea,,,ERITREA,A/RES/47/230,,Erythrée,Eritrea,إريتريا,厄立特里亚,Эритрея
240,Bolivia (Plurinational State of),068,BOL,2009-04-07,,Plurinational State of Bolivia,Bolivia,Earlier,BOLIVIA (PLURINATIONAL STATE OF),,Permanent Mission specified that short form of name is Bolivia (Plurinational State of),Bolivie (État plurinational de),Bolivia (Estado Plurinacional de),بوليفيا,玻利维亚（多民族国）,Боливия (Многонациогнальное государство)
241,North Macedonia,807,MKD,2019-02-14,,Republic of North Macedonia,The former Yugoslav Republic of Macedonia,Earlier,NORTH MACEDONIA,,,Macédoine du Nord,Macedonia del Norte,مقدونيا الشمالية,北马其顿,Северная Македония
242,Türkiye,792,TUR,2022-05-26,,Republic of Türkiye,Turkey,Earlier,TÜRKİYE,,,Türkiye,Türkiye,تركيا,土耳其,Турция
